stop1_name,stop2_name,Hour,MedianRunTime,CompromiseRunTime,MinMedianTime,Route1Stop,AdjustedHour,Direction,Sort
Dudley Square Station,Washington St opp Ruggles St,0,37,34,31,Dudley-Ruggles,12:00 AM,Northbound,0
Washington St opp Ruggles St,Washington St @ Melnea Cass Blvd,0,32,30.5,29,Ruggles-MelneaCass,12:00 AM,Northbound,1
Washington St @ Melnea Cass Blvd,Melnea Cass Blvd @ Harrison Ave,0,22,20.5,19,MelneaCass-Harrison,12:00 AM,Northbound,2
Melnea Cass Blvd @ Harrison Ave,Albany St opp Randall St,0,49,46,43,Harrison-Randall,12:00 AM,Northbound,3
Albany St opp Randall St,Mass. Ave @ Albany St,0,67.5,64.25,61,Randall-Albany,12:00 AM,Northbound,4
Mass. Ave @ Albany St,Mass. Ave @ Harrison Ave,0,25,24,23,Albany-Harrison,12:00 AM,Northbound,5
Mass. Ave @ Harrison Ave,Mass. Ave @ Washington St,0,61,58,55,Harrison-Washington,12:00 AM,Northbound,6
Mass. Ave @ Washington St,Mass. Ave @ Tremont St,0,74,71,68,Washington-Tremont,12:00 AM,Northbound,7
Mass. Ave @ Tremont St,Mass. Ave @ Columbus Ave,0,35.5,28.75,22,Tremont-Columbus,12:00 AM,Northbound,8
Mass. Ave @ Columbus Ave,Mass. Ave @ Mass. Ave Station,0,35,32,29,Columbus-MassAveStation,12:00 AM,Northbound,9
Mass. Ave @ Mass. Ave Station,Mass. Ave @ St Botolph St,0,23,19,15,MassAveStation-StBotolph,12:00 AM,Northbound,10
Mass. Ave @ St Botolph St,Mass. Ave @ Clearway St,0,69,58,47,StBotolph-Clearway,12:00 AM,Northbound,11
Mass. Ave @ Clearway St,Mass. Ave @ Newbury St,0,56,55,54,Clearway-Newbury,12:00 AM,Northbound,12
Mass. Ave @ Newbury St,Mass. Ave @ Beacon St,0,82,79.5,77,Newbury-Beacon,12:00 AM,Northbound,13
Mass. Ave @ Beacon St,77 Mass. Ave,0,111,111.5,112,Beacon-MassAve,12:00 AM,Northbound,14
77 Mass. Ave,Mass. Ave @ Albany St,0,43,43,43,MassAve-Albany,12:00 AM,Northbound,15
Mass. Ave @ Albany St,Mass. Ave @ Sidney St,0,78,75.5,73,Albany-Sidney,12:00 AM,Northbound,16
Mass. Ave @ Sidney St,Mass. Ave @ Prospect St,0,85,77,69,Sidney-Prospect,12:00 AM,Northbound,17
Mass. Ave @ Prospect St,Mass. Ave @ Bigelow St,0,57,46.5,36,Prospect-Bigelow,12:00 AM,Northbound,18
Mass. Ave @ Bigelow St,Mass. Ave @ Hancock St,0,34,32,30,Bigelow-Hancock,12:00 AM,Northbound,19
Mass. Ave @ Hancock St,Mass. Ave @ Dana St,0,24,23.25,22.5,Hancock-Dana,12:00 AM,Northbound,20
Mass. Ave @ Dana St,Mass. Ave @ Trowbridge St,0,31.5,28.25,25,Dana-Trowbridge,12:00 AM,Northbound,21
Mass. Ave @ Trowbridge St,Mass. Ave @ Bow St,0,34.5,32.25,30,Trowbridge-Bow,12:00 AM,Northbound,22
Mass. Ave @ Bow St,Mass. Ave @ Holyoke St,0,33,30.5,28,Bow-Holyoke,12:00 AM,Northbound,23
Mass. Ave @ Holyoke St,,0,,,,,12:00 AM,Northbound,24
Dudley Square Station,Washington St opp Ruggles St,1,36,33.5,31,Dudley-Ruggles,1:00 AM,Northbound,0
Washington St opp Ruggles St,Washington St @ Melnea Cass Blvd,1,29,29,29,Ruggles-MelneaCass,1:00 AM,Northbound,1
Washington St @ Melnea Cass Blvd,Melnea Cass Blvd @ Harrison Ave,1,19,19,19,MelneaCass-Harrison,1:00 AM,Northbound,2
Melnea Cass Blvd @ Harrison Ave,Albany St opp Randall St,1,43,43,43,Harrison-Randall,1:00 AM,Northbound,3
Albany St opp Randall St,Mass. Ave @ Albany St,1,67,64,61,Randall-Albany,1:00 AM,Northbound,4
Mass. Ave @ Albany St,Mass. Ave @ Harrison Ave,1,23,23,23,Albany-Harrison,1:00 AM,Northbound,5
Mass. Ave @ Harrison Ave,Mass. Ave @ Washington St,1,55,55,55,Harrison-Washington,1:00 AM,Northbound,6
Mass. Ave @ Washington St,Mass. Ave @ Tremont St,1,72,70,68,Washington-Tremont,1:00 AM,Northbound,7
Mass. Ave @ Tremont St,Mass. Ave @ Columbus Ave,1,22,22,22,Tremont-Columbus,1:00 AM,Northbound,8
Mass. Ave @ Columbus Ave,Mass. Ave @ Mass. Ave Station,1,29,29,29,Columbus-MassAveStation,1:00 AM,Northbound,9
Mass. Ave @ Mass. Ave Station,Mass. Ave @ St Botolph St,1,15,15,15,MassAveStation-StBotolph,1:00 AM,Northbound,10
Mass. Ave @ St Botolph St,Mass. Ave @ Clearway St,1,47,47,47,StBotolph-Clearway,1:00 AM,Northbound,11
Mass. Ave @ Clearway St,Mass. Ave @ Newbury St,1,54,54,54,Clearway-Newbury,1:00 AM,Northbound,12
Mass. Ave @ Newbury St,Mass. Ave @ Beacon St,1,77,77,77,Newbury-Beacon,1:00 AM,Northbound,13
Mass. Ave @ Beacon St,77 Mass. Ave,1,120,116,112,Beacon-MassAve,1:00 AM,Northbound,14
77 Mass. Ave,Mass. Ave @ Albany St,1,45,44,43,MassAve-Albany,1:00 AM,Northbound,15
Mass. Ave @ Albany St,Mass. Ave @ Sidney St,1,77,75,73,Albany-Sidney,1:00 AM,Northbound,16
Mass. Ave @ Sidney St,Mass. Ave @ Prospect St,1,69,69,69,Sidney-Prospect,1:00 AM,Northbound,17
Mass. Ave @ Prospect St,Mass. Ave @ Bigelow St,1,58,47,36,Prospect-Bigelow,1:00 AM,Northbound,18
Mass. Ave @ Bigelow St,Mass. Ave @ Hancock St,1,33,31.5,30,Bigelow-Hancock,1:00 AM,Northbound,19
Mass. Ave @ Hancock St,Mass. Ave @ Dana St,1,23,22.75,22.5,Hancock-Dana,1:00 AM,Northbound,20
Mass. Ave @ Dana St,Mass. Ave @ Trowbridge St,1,25,25,25,Dana-Trowbridge,1:00 AM,Northbound,21
Mass. Ave @ Trowbridge St,Mass. Ave @ Bow St,1,30,30,30,Trowbridge-Bow,1:00 AM,Northbound,22
Mass. Ave @ Bow St,Mass. Ave @ Holyoke St,1,32,30,28,Bow-Holyoke,1:00 AM,Northbound,23
Mass. Ave @ Holyoke St,,1,,,,,1:00 AM,Northbound,24
Dudley Square Station,Washington St opp Ruggles St,5,31,31,31,Dudley-Ruggles,5:00 AM,Northbound,0
Washington St opp Ruggles St,Washington St @ Melnea Cass Blvd,5,29,29,29,Ruggles-MelneaCass,5:00 AM,Northbound,1
Washington St @ Melnea Cass Blvd,Melnea Cass Blvd @ Harrison Ave,5,23,21,19,MelneaCass-Harrison,5:00 AM,Northbound,2
Melnea Cass Blvd @ Harrison Ave,Albany St opp Randall St,5,53,48,43,Harrison-Randall,5:00 AM,Northbound,3
Albany St opp Randall St,Mass. Ave @ Albany St,5,61,61,61,Randall-Albany,5:00 AM,Northbound,4
Mass. Ave @ Albany St,Mass. Ave @ Harrison Ave,5,24,23.5,23,Albany-Harrison,5:00 AM,Northbound,5
Mass. Ave @ Harrison Ave,Mass. Ave @ Washington St,5,101,78,55,Harrison-Washington,5:00 AM,Northbound,6
Mass. Ave @ Washington St,Mass. Ave @ Tremont St,5,93,80.5,68,Washington-Tremont,5:00 AM,Northbound,7
Mass. Ave @ Tremont St,Mass. Ave @ Columbus Ave,5,40,31,22,Tremont-Columbus,5:00 AM,Northbound,8
Mass. Ave @ Columbus Ave,Mass. Ave @ Mass. Ave Station,5,31,30,29,Columbus-MassAveStation,5:00 AM,Northbound,9
Mass. Ave @ Mass. Ave Station,Mass. Ave @ St Botolph St,5,31,23,15,MassAveStation-StBotolph,5:00 AM,Northbound,10
Mass. Ave @ St Botolph St,Mass. Ave @ Clearway St,5,79,63,47,StBotolph-Clearway,5:00 AM,Northbound,11
Mass. Ave @ Clearway St,Mass. Ave @ Newbury St,5,61,57.5,54,Clearway-Newbury,5:00 AM,Northbound,12
Mass. Ave @ Newbury St,Mass. Ave @ Beacon St,5,80,78.5,77,Newbury-Beacon,5:00 AM,Northbound,13
Mass. Ave @ Beacon St,77 Mass. Ave,5,112,112,112,Beacon-MassAve,5:00 AM,Northbound,14
77 Mass. Ave,Mass. Ave @ Albany St,5,50,46.5,43,MassAve-Albany,5:00 AM,Northbound,15
Mass. Ave @ Albany St,Mass. Ave @ Sidney St,5,73,73,73,Albany-Sidney,5:00 AM,Northbound,16
Mass. Ave @ Sidney St,Mass. Ave @ Prospect St,5,96,82.5,69,Sidney-Prospect,5:00 AM,Northbound,17
Mass. Ave @ Prospect St,Mass. Ave @ Bigelow St,5,56,46,36,Prospect-Bigelow,5:00 AM,Northbound,18
Mass. Ave @ Bigelow St,Mass. Ave @ Hancock St,5,33,31.5,30,Bigelow-Hancock,5:00 AM,Northbound,19
Mass. Ave @ Hancock St,Mass. Ave @ Dana St,5,22.5,22.5,22.5,Hancock-Dana,5:00 AM,Northbound,20
Mass. Ave @ Dana St,Mass. Ave @ Trowbridge St,5,32,28.5,25,Dana-Trowbridge,5:00 AM,Northbound,21
Mass. Ave @ Trowbridge St,Mass. Ave @ Bow St,5,31,30.5,30,Trowbridge-Bow,5:00 AM,Northbound,22
Mass. Ave @ Bow St,Mass. Ave @ Holyoke St,5,28,28,28,Bow-Holyoke,5:00 AM,Northbound,23
Mass. Ave @ Holyoke St,,5,,,,,5:00 AM,Northbound,24
Dudley Square Station,Washington St opp Ruggles St,6,31,31,31,Dudley-Ruggles,6:00 AM,Northbound,0
Washington St opp Ruggles St,Washington St @ Melnea Cass Blvd,6,34.5,31.75,29,Ruggles-MelneaCass,6:00 AM,Northbound,1
Washington St @ Melnea Cass Blvd,Melnea Cass Blvd @ Harrison Ave,6,30,24.5,19,MelneaCass-Harrison,6:00 AM,Northbound,2
Melnea Cass Blvd @ Harrison Ave,Albany St opp Randall St,6,67,55,43,Harrison-Randall,6:00 AM,Northbound,3
Albany St opp Randall St,Mass. Ave @ Albany St,6,88,74.5,61,Randall-Albany,6:00 AM,Northbound,4
Mass. Ave @ Albany St,Mass. Ave @ Harrison Ave,6,27,25,23,Albany-Harrison,6:00 AM,Northbound,5
Mass. Ave @ Harrison Ave,Mass. Ave @ Washington St,6,90,72.5,55,Harrison-Washington,6:00 AM,Northbound,6
Mass. Ave @ Washington St,Mass. Ave @ Tremont St,6,68,68,68,Washington-Tremont,6:00 AM,Northbound,7
Mass. Ave @ Tremont St,Mass. Ave @ Columbus Ave,6,51,36.5,22,Tremont-Columbus,6:00 AM,Northbound,8
Mass. Ave @ Columbus Ave,Mass. Ave @ Mass. Ave Station,6,29,29,29,Columbus-MassAveStation,6:00 AM,Northbound,9
Mass. Ave @ Mass. Ave Station,Mass. Ave @ St Botolph St,6,77,46,15,MassAveStation-StBotolph,6:00 AM,Northbound,10
Mass. Ave @ St Botolph St,Mass. Ave @ Clearway St,6,91,69,47,StBotolph-Clearway,6:00 AM,Northbound,11
Mass. Ave @ Clearway St,Mass. Ave @ Newbury St,6,70,62,54,Clearway-Newbury,6:00 AM,Northbound,12
Mass. Ave @ Newbury St,Mass. Ave @ Beacon St,6,84,80.5,77,Newbury-Beacon,6:00 AM,Northbound,13
Mass. Ave @ Beacon St,77 Mass. Ave,6,132.5,122.25,112,Beacon-MassAve,6:00 AM,Northbound,14
77 Mass. Ave,Mass. Ave @ Albany St,6,55,49,43,MassAve-Albany,6:00 AM,Northbound,15
Mass. Ave @ Albany St,Mass. Ave @ Sidney St,6,85,79,73,Albany-Sidney,6:00 AM,Northbound,16
Mass. Ave @ Sidney St,Mass. Ave @ Prospect St,6,99,84,69,Sidney-Prospect,6:00 AM,Northbound,17
Mass. Ave @ Prospect St,Mass. Ave @ Bigelow St,6,36,36,36,Prospect-Bigelow,6:00 AM,Northbound,18
Mass. Ave @ Bigelow St,Mass. Ave @ Hancock St,6,30,30,30,Bigelow-Hancock,6:00 AM,Northbound,19
Mass. Ave @ Hancock St,Mass. Ave @ Dana St,6,24,23.25,22.5,Hancock-Dana,6:00 AM,Northbound,20
Mass. Ave @ Dana St,Mass. Ave @ Trowbridge St,6,31,28,25,Dana-Trowbridge,6:00 AM,Northbound,21
Mass. Ave @ Trowbridge St,Mass. Ave @ Bow St,6,30,30,30,Trowbridge-Bow,6:00 AM,Northbound,22
Mass. Ave @ Bow St,Mass. Ave @ Holyoke St,6,29,28.5,28,Bow-Holyoke,6:00 AM,Northbound,23
Mass. Ave @ Holyoke St,,6,,,,,6:00 AM,Northbound,24
Dudley Square Station,Washington St opp Ruggles St,7,44,37.5,31,Dudley-Ruggles,7:00 AM,Northbound,0
Washington St opp Ruggles St,Washington St @ Melnea Cass Blvd,7,60,44.5,29,Ruggles-MelneaCass,7:00 AM,Northbound,1
Washington St @ Melnea Cass Blvd,Melnea Cass Blvd @ Harrison Ave,7,42,30.5,19,MelneaCass-Harrison,7:00 AM,Northbound,2
Melnea Cass Blvd @ Harrison Ave,Albany St opp Randall St,7,76.5,59.75,43,Harrison-Randall,7:00 AM,Northbound,3
Albany St opp Randall St,Mass. Ave @ Albany St,7,87,74,61,Randall-Albany,7:00 AM,Northbound,4
Mass. Ave @ Albany St,Mass. Ave @ Harrison Ave,7,33,28,23,Albany-Harrison,7:00 AM,Northbound,5
Mass. Ave @ Harrison Ave,Mass. Ave @ Washington St,7,115,85,55,Harrison-Washington,7:00 AM,Northbound,6
Mass. Ave @ Washington St,Mass. Ave @ Tremont St,7,117,92.5,68,Washington-Tremont,7:00 AM,Northbound,7
Mass. Ave @ Tremont St,Mass. Ave @ Columbus Ave,7,84,53,22,Tremont-Columbus,7:00 AM,Northbound,8
Mass. Ave @ Columbus Ave,Mass. Ave @ Mass. Ave Station,7,39,34,29,Columbus-MassAveStation,7:00 AM,Northbound,9
Mass. Ave @ Mass. Ave Station,Mass. Ave @ St Botolph St,7,98.5,56.75,15,MassAveStation-StBotolph,7:00 AM,Northbound,10
Mass. Ave @ St Botolph St,Mass. Ave @ Clearway St,7,92,69.5,47,StBotolph-Clearway,7:00 AM,Northbound,11
Mass. Ave @ Clearway St,Mass. Ave @ Newbury St,7,77,65.5,54,Clearway-Newbury,7:00 AM,Northbound,12
Mass. Ave @ Newbury St,Mass. Ave @ Beacon St,7,84,80.5,77,Newbury-Beacon,7:00 AM,Northbound,13
Mass. Ave @ Beacon St,77 Mass. Ave,7,179,145.5,112,Beacon-MassAve,7:00 AM,Northbound,14
77 Mass. Ave,Mass. Ave @ Albany St,7,69,56,43,MassAve-Albany,7:00 AM,Northbound,15
Mass. Ave @ Albany St,Mass. Ave @ Sidney St,7,94,83.5,73,Albany-Sidney,7:00 AM,Northbound,16
Mass. Ave @ Sidney St,Mass. Ave @ Prospect St,7,114.5,91.75,69,Sidney-Prospect,7:00 AM,Northbound,17
Mass. Ave @ Prospect St,Mass. Ave @ Bigelow St,7,65,50.5,36,Prospect-Bigelow,7:00 AM,Northbound,18
Mass. Ave @ Bigelow St,Mass. Ave @ Hancock St,7,36,33,30,Bigelow-Hancock,7:00 AM,Northbound,19
Mass. Ave @ Hancock St,Mass. Ave @ Dana St,7,29,25.75,22.5,Hancock-Dana,7:00 AM,Northbound,20
Mass. Ave @ Dana St,Mass. Ave @ Trowbridge St,7,42,33.5,25,Dana-Trowbridge,7:00 AM,Northbound,21
Mass. Ave @ Trowbridge St,Mass. Ave @ Bow St,7,34,32,30,Trowbridge-Bow,7:00 AM,Northbound,22
Mass. Ave @ Bow St,Mass. Ave @ Holyoke St,7,36,32,28,Bow-Holyoke,7:00 AM,Northbound,23
Mass. Ave @ Holyoke St,,7,,,,,7:00 AM,Northbound,24
Dudley Square Station,Washington St opp Ruggles St,8,43,37,31,Dudley-Ruggles,8:00 AM,Northbound,0
Washington St opp Ruggles St,Washington St @ Melnea Cass Blvd,8,56,42.5,29,Ruggles-MelneaCass,8:00 AM,Northbound,1
Washington St @ Melnea Cass Blvd,Melnea Cass Blvd @ Harrison Ave,8,40,29.5,19,MelneaCass-Harrison,8:00 AM,Northbound,2
Melnea Cass Blvd @ Harrison Ave,Albany St opp Randall St,8,79.5,61.25,43,Harrison-Randall,8:00 AM,Northbound,3
Albany St opp Randall St,Mass. Ave @ Albany St,8,96,78.5,61,Randall-Albany,8:00 AM,Northbound,4
Mass. Ave @ Albany St,Mass. Ave @ Harrison Ave,8,38,30.5,23,Albany-Harrison,8:00 AM,Northbound,5
Mass. Ave @ Harrison Ave,Mass. Ave @ Washington St,8,121,88,55,Harrison-Washington,8:00 AM,Northbound,6
Mass. Ave @ Washington St,Mass. Ave @ Tremont St,8,131,99.5,68,Washington-Tremont,8:00 AM,Northbound,7
Mass. Ave @ Tremont St,Mass. Ave @ Columbus Ave,8,94,58,22,Tremont-Columbus,8:00 AM,Northbound,8
Mass. Ave @ Columbus Ave,Mass. Ave @ Mass. Ave Station,8,40,34.5,29,Columbus-MassAveStation,8:00 AM,Northbound,9
Mass. Ave @ Mass. Ave Station,Mass. Ave @ St Botolph St,8,94.5,54.75,15,MassAveStation-StBotolph,8:00 AM,Northbound,10
Mass. Ave @ St Botolph St,Mass. Ave @ Clearway St,8,89,68,47,StBotolph-Clearway,8:00 AM,Northbound,11
Mass. Ave @ Clearway St,Mass. Ave @ Newbury St,8,89,71.5,54,Clearway-Newbury,8:00 AM,Northbound,12
Mass. Ave @ Newbury St,Mass. Ave @ Beacon St,8,95.5,86.25,77,Newbury-Beacon,8:00 AM,Northbound,13
Mass. Ave @ Beacon St,77 Mass. Ave,8,202.5,157.25,112,Beacon-MassAve,8:00 AM,Northbound,14
77 Mass. Ave,Mass. Ave @ Albany St,8,77,60,43,MassAve-Albany,8:00 AM,Northbound,15
Mass. Ave @ Albany St,Mass. Ave @ Sidney St,8,95,84,73,Albany-Sidney,8:00 AM,Northbound,16
Mass. Ave @ Sidney St,Mass. Ave @ Prospect St,8,124,96.5,69,Sidney-Prospect,8:00 AM,Northbound,17
Mass. Ave @ Prospect St,Mass. Ave @ Bigelow St,8,75,55.5,36,Prospect-Bigelow,8:00 AM,Northbound,18
Mass. Ave @ Bigelow St,Mass. Ave @ Hancock St,8,39,34.5,30,Bigelow-Hancock,8:00 AM,Northbound,19
Mass. Ave @ Hancock St,Mass. Ave @ Dana St,8,34,28.25,22.5,Hancock-Dana,8:00 AM,Northbound,20
Mass. Ave @ Dana St,Mass. Ave @ Trowbridge St,8,44,34.5,25,Dana-Trowbridge,8:00 AM,Northbound,21
Mass. Ave @ Trowbridge St,Mass. Ave @ Bow St,8,38,34,30,Trowbridge-Bow,8:00 AM,Northbound,22
Mass. Ave @ Bow St,Mass. Ave @ Holyoke St,8,38,33,28,Bow-Holyoke,8:00 AM,Northbound,23
Mass. Ave @ Holyoke St,,9,,,,,8:00 AM,Northbound,24
Dudley Square Station,Washington St opp Ruggles St,9,42,36.5,31,Dudley-Ruggles,9:00 AM,Northbound,0
Washington St opp Ruggles St,Washington St @ Melnea Cass Blvd,9,47,38,29,Ruggles-MelneaCass,9:00 AM,Northbound,1
Washington St @ Melnea Cass Blvd,Melnea Cass Blvd @ Harrison Ave,9,42,30.5,19,MelneaCass-Harrison,9:00 AM,Northbound,2
Melnea Cass Blvd @ Harrison Ave,Albany St opp Randall St,9,75.5,59.25,43,Harrison-Randall,9:00 AM,Northbound,3
Albany St opp Randall St,Mass. Ave @ Albany St,9,94,77.5,61,Randall-Albany,9:00 AM,Northbound,4
Mass. Ave @ Albany St,Mass. Ave @ Harrison Ave,9,45,34,23,Albany-Harrison,9:00 AM,Northbound,5
Mass. Ave @ Harrison Ave,Mass. Ave @ Washington St,9,117,86,55,Harrison-Washington,9:00 AM,Northbound,6
Mass. Ave @ Washington St,Mass. Ave @ Tremont St,9,106,87,68,Washington-Tremont,9:00 AM,Northbound,7
Mass. Ave @ Tremont St,Mass. Ave @ Columbus Ave,9,74,48,22,Tremont-Columbus,9:00 AM,Northbound,8
Mass. Ave @ Columbus Ave,Mass. Ave @ Mass. Ave Station,9,42,35.5,29,Columbus-MassAveStation,9:00 AM,Northbound,9
Mass. Ave @ Mass. Ave Station,Mass. Ave @ St Botolph St,9,92,53.5,15,MassAveStation-StBotolph,9:00 AM,Northbound,10
Mass. Ave @ St Botolph St,Mass. Ave @ Clearway St,9,92,69.5,47,StBotolph-Clearway,9:00 AM,Northbound,11
Mass. Ave @ Clearway St,Mass. Ave @ Newbury St,9,80,67,54,Clearway-Newbury,9:00 AM,Northbound,12
Mass. Ave @ Newbury St,Mass. Ave @ Beacon St,9,88,82.5,77,Newbury-Beacon,9:00 AM,Northbound,13
Mass. Ave @ Beacon St,77 Mass. Ave,9,192,152,112,Beacon-MassAve,9:00 AM,Northbound,14
77 Mass. Ave,Mass. Ave @ Albany St,9,84.5,63.75,43,MassAve-Albany,9:00 AM,Northbound,15
Mass. Ave @ Albany St,Mass. Ave @ Sidney St,9,102,87.5,73,Albany-Sidney,9:00 AM,Northbound,16
Mass. Ave @ Sidney St,Mass. Ave @ Prospect St,9,129,99,69,Sidney-Prospect,9:00 AM,Northbound,17
Mass. Ave @ Prospect St,Mass. Ave @ Bigelow St,9,75,55.5,36,Prospect-Bigelow,9:00 AM,Northbound,18
Mass. Ave @ Bigelow St,Mass. Ave @ Hancock St,9,38,34,30,Bigelow-Hancock,9:00 AM,Northbound,19
Mass. Ave @ Hancock St,Mass. Ave @ Dana St,9,32,27.25,22.5,Hancock-Dana,9:00 AM,Northbound,20
Mass. Ave @ Dana St,Mass. Ave @ Trowbridge St,9,41,33,25,Dana-Trowbridge,9:00 AM,Northbound,21
Mass. Ave @ Trowbridge St,Mass. Ave @ Bow St,9,37,33.5,30,Trowbridge-Bow,9:00 AM,Northbound,22
Mass. Ave @ Bow St,Mass. Ave @ Holyoke St,9,38,33,28,Bow-Holyoke,9:00 AM,Northbound,23
Mass. Ave @ Holyoke St,,9,,,,,9:00 AM,Northbound,24
Dudley Square Station,Washington St opp Ruggles St,10,49,40,31,Dudley-Ruggles,10:00 AM,Northbound,0
Washington St opp Ruggles St,Washington St @ Melnea Cass Blvd,10,43,36,29,Ruggles-MelneaCass,10:00 AM,Northbound,1
Washington St @ Melnea Cass Blvd,Melnea Cass Blvd @ Harrison Ave,10,40,29.5,19,MelneaCass-Harrison,10:00 AM,Northbound,2
Melnea Cass Blvd @ Harrison Ave,Albany St opp Randall St,10,73,58,43,Harrison-Randall,10:00 AM,Northbound,3
Albany St opp Randall St,Mass. Ave @ Albany St,10,82,71.5,61,Randall-Albany,10:00 AM,Northbound,4
Mass. Ave @ Albany St,Mass. Ave @ Harrison Ave,10,49,36,23,Albany-Harrison,10:00 AM,Northbound,5
Mass. Ave @ Harrison Ave,Mass. Ave @ Washington St,10,127,91,55,Harrison-Washington,10:00 AM,Northbound,6
Mass. Ave @ Washington St,Mass. Ave @ Tremont St,10,107.5,87.75,68,Washington-Tremont,10:00 AM,Northbound,7
Mass. Ave @ Tremont St,Mass. Ave @ Columbus Ave,10,41.5,31.75,22,Tremont-Columbus,10:00 AM,Northbound,8
Mass. Ave @ Columbus Ave,Mass. Ave @ Mass. Ave Station,10,45,37,29,Columbus-MassAveStation,10:00 AM,Northbound,9
Mass. Ave @ Mass. Ave Station,Mass. Ave @ St Botolph St,10,52,33.5,15,MassAveStation-StBotolph,10:00 AM,Northbound,10
Mass. Ave @ St Botolph St,Mass. Ave @ Clearway St,10,86,66.5,47,StBotolph-Clearway,10:00 AM,Northbound,11
Mass. Ave @ Clearway St,Mass. Ave @ Newbury St,10,91,72.5,54,Clearway-Newbury,10:00 AM,Northbound,12
Mass. Ave @ Newbury St,Mass. Ave @ Beacon St,10,107,92,77,Newbury-Beacon,10:00 AM,Northbound,13
Mass. Ave @ Beacon St,77 Mass. Ave,10,158,135,112,Beacon-MassAve,10:00 AM,Northbound,14
77 Mass. Ave,Mass. Ave @ Albany St,10,80.5,61.75,43,MassAve-Albany,10:00 AM,Northbound,15
Mass. Ave @ Albany St,Mass. Ave @ Sidney St,10,96,84.5,73,Albany-Sidney,10:00 AM,Northbound,16
Mass. Ave @ Sidney St,Mass. Ave @ Prospect St,10,134,101.5,69,Sidney-Prospect,10:00 AM,Northbound,17
Mass. Ave @ Prospect St,Mass. Ave @ Bigelow St,10,75,55.5,36,Prospect-Bigelow,10:00 AM,Northbound,18
Mass. Ave @ Bigelow St,Mass. Ave @ Hancock St,10,43,36.5,30,Bigelow-Hancock,10:00 AM,Northbound,19
Mass. Ave @ Hancock St,Mass. Ave @ Dana St,10,32,27.25,22.5,Hancock-Dana,10:00 AM,Northbound,20
Mass. Ave @ Dana St,Mass. Ave @ Trowbridge St,10,49,37,25,Dana-Trowbridge,10:00 AM,Northbound,21
Mass. Ave @ Trowbridge St,Mass. Ave @ Bow St,10,44,37,30,Trowbridge-Bow,10:00 AM,Northbound,22
Mass. Ave @ Bow St,Mass. Ave @ Holyoke St,10,43.5,35.75,28,Bow-Holyoke,10:00 AM,Northbound,23
Mass. Ave @ Holyoke St,,10,,,,,10:00 AM,Northbound,24
Dudley Square Station,Washington St opp Ruggles St,11,50,40.5,31,Dudley-Ruggles,11:00 AM,Northbound,0
Washington St opp Ruggles St,Washington St @ Melnea Cass Blvd,11,47,38,29,Ruggles-MelneaCass,11:00 AM,Northbound,1
Washington St @ Melnea Cass Blvd,Melnea Cass Blvd @ Harrison Ave,11,46,32.5,19,MelneaCass-Harrison,11:00 AM,Northbound,2
Melnea Cass Blvd @ Harrison Ave,Albany St opp Randall St,11,71.5,57.25,43,Harrison-Randall,11:00 AM,Northbound,3
Albany St opp Randall St,Mass. Ave @ Albany St,11,82.5,71.75,61,Randall-Albany,11:00 AM,Northbound,4
Mass. Ave @ Albany St,Mass. Ave @ Harrison Ave,11,42,32.5,23,Albany-Harrison,11:00 AM,Northbound,5
Mass. Ave @ Harrison Ave,Mass. Ave @ Washington St,11,125.5,90.25,55,Harrison-Washington,11:00 AM,Northbound,6
Mass. Ave @ Washington St,Mass. Ave @ Tremont St,11,106,87,68,Washington-Tremont,11:00 AM,Northbound,7
Mass. Ave @ Tremont St,Mass. Ave @ Columbus Ave,11,44,33,22,Tremont-Columbus,11:00 AM,Northbound,8
Mass. Ave @ Columbus Ave,Mass. Ave @ Mass. Ave Station,11,38,33.5,29,Columbus-MassAveStation,11:00 AM,Northbound,9
Mass. Ave @ Mass. Ave Station,Mass. Ave @ St Botolph St,11,54,34.5,15,MassAveStation-StBotolph,11:00 AM,Northbound,10
Mass. Ave @ St Botolph St,Mass. Ave @ Clearway St,11,88,67.5,47,StBotolph-Clearway,11:00 AM,Northbound,11
Mass. Ave @ Clearway St,Mass. Ave @ Newbury St,11,94,74,54,Clearway-Newbury,11:00 AM,Northbound,12
Mass. Ave @ Newbury St,Mass. Ave @ Beacon St,11,107,92,77,Newbury-Beacon,11:00 AM,Northbound,13
Mass. Ave @ Beacon St,77 Mass. Ave,11,153.5,132.75,112,Beacon-MassAve,11:00 AM,Northbound,14
77 Mass. Ave,Mass. Ave @ Albany St,11,84,63.5,43,MassAve-Albany,11:00 AM,Northbound,15
Mass. Ave @ Albany St,Mass. Ave @ Sidney St,11,91,82,73,Albany-Sidney,11:00 AM,Northbound,16
Mass. Ave @ Sidney St,Mass. Ave @ Prospect St,11,131,100,69,Sidney-Prospect,11:00 AM,Northbound,17
Mass. Ave @ Prospect St,Mass. Ave @ Bigelow St,11,80,58,36,Prospect-Bigelow,11:00 AM,Northbound,18
Mass. Ave @ Bigelow St,Mass. Ave @ Hancock St,11,41,35.5,30,Bigelow-Hancock,11:00 AM,Northbound,19
Mass. Ave @ Hancock St,Mass. Ave @ Dana St,11,31,26.75,22.5,Hancock-Dana,11:00 AM,Northbound,20
Mass. Ave @ Dana St,Mass. Ave @ Trowbridge St,11,47.5,36.25,25,Dana-Trowbridge,11:00 AM,Northbound,21
Mass. Ave @ Trowbridge St,Mass. Ave @ Bow St,11,42,36,30,Trowbridge-Bow,11:00 AM,Northbound,22
Mass. Ave @ Bow St,Mass. Ave @ Holyoke St,11,43,35.5,28,Bow-Holyoke,11:00 AM,Northbound,23
Mass. Ave @ Holyoke St,,11,,,,,11:00 AM,Northbound,24
Dudley Square Station,Washington St opp Ruggles St,12,44,37.5,31,Dudley-Ruggles,12:00 PM,Northbound,0
Washington St opp Ruggles St,Washington St @ Melnea Cass Blvd,12,41,35,29,Ruggles-MelneaCass,12:00 PM,Northbound,1
Washington St @ Melnea Cass Blvd,Melnea Cass Blvd @ Harrison Ave,12,45,32,19,MelneaCass-Harrison,12:00 PM,Northbound,2
Melnea Cass Blvd @ Harrison Ave,Albany St opp Randall St,12,71,57,43,Harrison-Randall,12:00 PM,Northbound,3
Albany St opp Randall St,Mass. Ave @ Albany St,12,82,71.5,61,Randall-Albany,12:00 PM,Northbound,4
Mass. Ave @ Albany St,Mass. Ave @ Harrison Ave,12,41,32,23,Albany-Harrison,12:00 PM,Northbound,5
Mass. Ave @ Harrison Ave,Mass. Ave @ Washington St,12,123.5,89.25,55,Harrison-Washington,12:00 PM,Northbound,6
Mass. Ave @ Washington St,Mass. Ave @ Tremont St,12,102,85,68,Washington-Tremont,12:00 PM,Northbound,7
Mass. Ave @ Tremont St,Mass. Ave @ Columbus Ave,12,32,27,22,Tremont-Columbus,12:00 PM,Northbound,8
Mass. Ave @ Columbus Ave,Mass. Ave @ Mass. Ave Station,12,49,39,29,Columbus-MassAveStation,12:00 PM,Northbound,9
Mass. Ave @ Mass. Ave Station,Mass. Ave @ St Botolph St,12,53,34,15,MassAveStation-StBotolph,12:00 PM,Northbound,10
Mass. Ave @ St Botolph St,Mass. Ave @ Clearway St,12,86,66.5,47,StBotolph-Clearway,12:00 PM,Northbound,11
Mass. Ave @ Clearway St,Mass. Ave @ Newbury St,12,102,78,54,Clearway-Newbury,12:00 PM,Northbound,12
Mass. Ave @ Newbury St,Mass. Ave @ Beacon St,12,97,87,77,Newbury-Beacon,12:00 PM,Northbound,13
Mass. Ave @ Beacon St,77 Mass. Ave,12,151.5,131.75,112,Beacon-MassAve,12:00 PM,Northbound,14
77 Mass. Ave,Mass. Ave @ Albany St,12,83,63,43,MassAve-Albany,12:00 PM,Northbound,15
Mass. Ave @ Albany St,Mass. Ave @ Sidney St,12,90,81.5,73,Albany-Sidney,12:00 PM,Northbound,16
Mass. Ave @ Sidney St,Mass. Ave @ Prospect St,12,145,107,69,Sidney-Prospect,12:00 PM,Northbound,17
Mass. Ave @ Prospect St,Mass. Ave @ Bigelow St,12,81,58.5,36,Prospect-Bigelow,12:00 PM,Northbound,18
Mass. Ave @ Bigelow St,Mass. Ave @ Hancock St,12,43,36.5,30,Bigelow-Hancock,12:00 PM,Northbound,19
Mass. Ave @ Hancock St,Mass. Ave @ Dana St,12,33,27.75,22.5,Hancock-Dana,12:00 PM,Northbound,20
Mass. Ave @ Dana St,Mass. Ave @ Trowbridge St,12,51,38,25,Dana-Trowbridge,12:00 PM,Northbound,21
Mass. Ave @ Trowbridge St,Mass. Ave @ Bow St,12,45,37.5,30,Trowbridge-Bow,12:00 PM,Northbound,22
Mass. Ave @ Bow St,Mass. Ave @ Holyoke St,12,43,35.5,28,Bow-Holyoke,12:00 PM,Northbound,23
Mass. Ave @ Holyoke St,,12,,,,,12:00 PM,Northbound,24
Dudley Square Station,Washington St opp Ruggles St,13,50,40.5,31,Dudley-Ruggles,1:00 PM,Northbound,0
Washington St opp Ruggles St,Washington St @ Melnea Cass Blvd,13,48,38.5,29,Ruggles-MelneaCass,1:00 PM,Northbound,1
Washington St @ Melnea Cass Blvd,Melnea Cass Blvd @ Harrison Ave,13,48,33.5,19,MelneaCass-Harrison,1:00 PM,Northbound,2
Melnea Cass Blvd @ Harrison Ave,Albany St opp Randall St,13,88,65.5,43,Harrison-Randall,1:00 PM,Northbound,3
Albany St opp Randall St,Mass. Ave @ Albany St,13,77,69,61,Randall-Albany,1:00 PM,Northbound,4
Mass. Ave @ Albany St,Mass. Ave @ Harrison Ave,13,39.5,31.25,23,Albany-Harrison,1:00 PM,Northbound,5
Mass. Ave @ Harrison Ave,Mass. Ave @ Washington St,13,115,85,55,Harrison-Washington,1:00 PM,Northbound,6
Mass. Ave @ Washington St,Mass. Ave @ Tremont St,13,104,86,68,Washington-Tremont,1:00 PM,Northbound,7
Mass. Ave @ Tremont St,Mass. Ave @ Columbus Ave,13,36,29,22,Tremont-Columbus,1:00 PM,Northbound,8
Mass. Ave @ Columbus Ave,Mass. Ave @ Mass. Ave Station,13,47,38,29,Columbus-MassAveStation,1:00 PM,Northbound,9
Mass. Ave @ Mass. Ave Station,Mass. Ave @ St Botolph St,13,49,32,15,MassAveStation-StBotolph,1:00 PM,Northbound,10
Mass. Ave @ St Botolph St,Mass. Ave @ Clearway St,13,85,66,47,StBotolph-Clearway,1:00 PM,Northbound,11
Mass. Ave @ Clearway St,Mass. Ave @ Newbury St,13,106,80,54,Clearway-Newbury,1:00 PM,Northbound,12
Mass. Ave @ Newbury St,Mass. Ave @ Beacon St,13,100,88.5,77,Newbury-Beacon,1:00 PM,Northbound,13
Mass. Ave @ Beacon St,77 Mass. Ave,13,144,128,112,Beacon-MassAve,1:00 PM,Northbound,14
77 Mass. Ave,Mass. Ave @ Albany St,13,74,58.5,43,MassAve-Albany,1:00 PM,Northbound,15
Mass. Ave @ Albany St,Mass. Ave @ Sidney St,13,87,80,73,Albany-Sidney,1:00 PM,Northbound,16
Mass. Ave @ Sidney St,Mass. Ave @ Prospect St,13,133,101,69,Sidney-Prospect,1:00 PM,Northbound,17
Mass. Ave @ Prospect St,Mass. Ave @ Bigelow St,13,84,60,36,Prospect-Bigelow,1:00 PM,Northbound,18
Mass. Ave @ Bigelow St,Mass. Ave @ Hancock St,13,43,36.5,30,Bigelow-Hancock,1:00 PM,Northbound,19
Mass. Ave @ Hancock St,Mass. Ave @ Dana St,13,33,27.75,22.5,Hancock-Dana,1:00 PM,Northbound,20
Mass. Ave @ Dana St,Mass. Ave @ Trowbridge St,13,54,39.5,25,Dana-Trowbridge,1:00 PM,Northbound,21
Mass. Ave @ Trowbridge St,Mass. Ave @ Bow St,13,44,37,30,Trowbridge-Bow,1:00 PM,Northbound,22
Mass. Ave @ Bow St,Mass. Ave @ Holyoke St,13,46,37,28,Bow-Holyoke,1:00 PM,Northbound,23
Mass. Ave @ Holyoke St,,13,,,,,1:00 PM,Northbound,24
Dudley Square Station,Washington St opp Ruggles St,14,50,40.5,31,Dudley-Ruggles,2:00 PM,Northbound,0
Washington St opp Ruggles St,Washington St @ Melnea Cass Blvd,14,55,42,29,Ruggles-MelneaCass,2:00 PM,Northbound,1
Washington St @ Melnea Cass Blvd,Melnea Cass Blvd @ Harrison Ave,14,54,36.5,19,MelneaCass-Harrison,2:00 PM,Northbound,2
Melnea Cass Blvd @ Harrison Ave,Albany St opp Randall St,14,89,66,43,Harrison-Randall,2:00 PM,Northbound,3
Albany St opp Randall St,Mass. Ave @ Albany St,14,100,80.5,61,Randall-Albany,2:00 PM,Northbound,4
Mass. Ave @ Albany St,Mass. Ave @ Harrison Ave,14,35,29,23,Albany-Harrison,2:00 PM,Northbound,5
Mass. Ave @ Harrison Ave,Mass. Ave @ Washington St,14,110,82.5,55,Harrison-Washington,2:00 PM,Northbound,6
Mass. Ave @ Washington St,Mass. Ave @ Tremont St,14,102,85,68,Washington-Tremont,2:00 PM,Northbound,7
Mass. Ave @ Tremont St,Mass. Ave @ Columbus Ave,14,35,28.5,22,Tremont-Columbus,2:00 PM,Northbound,8
Mass. Ave @ Columbus Ave,Mass. Ave @ Mass. Ave Station,14,59,44,29,Columbus-MassAveStation,2:00 PM,Northbound,9
Mass. Ave @ Mass. Ave Station,Mass. Ave @ St Botolph St,14,45,30,15,MassAveStation-StBotolph,2:00 PM,Northbound,10
Mass. Ave @ St Botolph St,Mass. Ave @ Clearway St,14,95,71,47,StBotolph-Clearway,2:00 PM,Northbound,11
Mass. Ave @ Clearway St,Mass. Ave @ Newbury St,14,186,120,54,Clearway-Newbury,2:00 PM,Northbound,12
Mass. Ave @ Newbury St,Mass. Ave @ Beacon St,14,101,89,77,Newbury-Beacon,2:00 PM,Northbound,13
Mass. Ave @ Beacon St,77 Mass. Ave,14,146.5,129.25,112,Beacon-MassAve,2:00 PM,Northbound,14
77 Mass. Ave,Mass. Ave @ Albany St,14,67,55,43,MassAve-Albany,2:00 PM,Northbound,15
Mass. Ave @ Albany St,Mass. Ave @ Sidney St,14,87.5,80.25,73,Albany-Sidney,2:00 PM,Northbound,16
Mass. Ave @ Sidney St,Mass. Ave @ Prospect St,14,124,96.5,69,Sidney-Prospect,2:00 PM,Northbound,17
Mass. Ave @ Prospect St,Mass. Ave @ Bigelow St,14,76,56,36,Prospect-Bigelow,2:00 PM,Northbound,18
Mass. Ave @ Bigelow St,Mass. Ave @ Hancock St,14,44.5,37.25,30,Bigelow-Hancock,2:00 PM,Northbound,19
Mass. Ave @ Hancock St,Mass. Ave @ Dana St,14,35,28.75,22.5,Hancock-Dana,2:00 PM,Northbound,20
Mass. Ave @ Dana St,Mass. Ave @ Trowbridge St,14,49.5,37.25,25,Dana-Trowbridge,2:00 PM,Northbound,21
Mass. Ave @ Trowbridge St,Mass. Ave @ Bow St,14,44.5,37.25,30,Trowbridge-Bow,2:00 PM,Northbound,22
Mass. Ave @ Bow St,Mass. Ave @ Holyoke St,14,44,36,28,Bow-Holyoke,2:00 PM,Northbound,23
Mass. Ave @ Holyoke St,,14,,,,,2:00 PM,Northbound,24
Dudley Square Station,Washington St opp Ruggles St,15,54,42.5,31,Dudley-Ruggles,3:00 PM,Northbound,0
Washington St opp Ruggles St,Washington St @ Melnea Cass Blvd,15,61,45,29,Ruggles-MelneaCass,3:00 PM,Northbound,1
Washington St @ Melnea Cass Blvd,Melnea Cass Blvd @ Harrison Ave,15,53,36,19,MelneaCass-Harrison,3:00 PM,Northbound,2
Melnea Cass Blvd @ Harrison Ave,Albany St opp Randall St,15,85,64,43,Harrison-Randall,3:00 PM,Northbound,3
Albany St opp Randall St,Mass. Ave @ Albany St,15,132,96.5,61,Randall-Albany,3:00 PM,Northbound,4
Mass. Ave @ Albany St,Mass. Ave @ Harrison Ave,15,38,30.5,23,Albany-Harrison,3:00 PM,Northbound,5
Mass. Ave @ Harrison Ave,Mass. Ave @ Washington St,15,113,84,55,Harrison-Washington,3:00 PM,Northbound,6
Mass. Ave @ Washington St,Mass. Ave @ Tremont St,15,95,81.5,68,Washington-Tremont,3:00 PM,Northbound,7
Mass. Ave @ Tremont St,Mass. Ave @ Columbus Ave,15,46,34,22,Tremont-Columbus,3:00 PM,Northbound,8
Mass. Ave @ Columbus Ave,Mass. Ave @ Mass. Ave Station,15,71,50,29,Columbus-MassAveStation,3:00 PM,Northbound,9
Mass. Ave @ Mass. Ave Station,Mass. Ave @ St Botolph St,15,54,34.5,15,MassAveStation-StBotolph,3:00 PM,Northbound,10
Mass. Ave @ St Botolph St,Mass. Ave @ Clearway St,15,97.5,72.25,47,StBotolph-Clearway,3:00 PM,Northbound,11
Mass. Ave @ Clearway St,Mass. Ave @ Newbury St,15,144,99,54,Clearway-Newbury,3:00 PM,Northbound,12
Mass. Ave @ Newbury St,Mass. Ave @ Beacon St,15,115,96,77,Newbury-Beacon,3:00 PM,Northbound,13
Mass. Ave @ Beacon St,77 Mass. Ave,15,160.5,136.25,112,Beacon-MassAve,3:00 PM,Northbound,14
77 Mass. Ave,Mass. Ave @ Albany St,15,72,57.5,43,MassAve-Albany,3:00 PM,Northbound,15
Mass. Ave @ Albany St,Mass. Ave @ Sidney St,15,95,84,73,Albany-Sidney,3:00 PM,Northbound,16
Mass. Ave @ Sidney St,Mass. Ave @ Prospect St,15,140.5,104.75,69,Sidney-Prospect,3:00 PM,Northbound,17
Mass. Ave @ Prospect St,Mass. Ave @ Bigelow St,15,81,58.5,36,Prospect-Bigelow,3:00 PM,Northbound,18
Mass. Ave @ Bigelow St,Mass. Ave @ Hancock St,15,45,37.5,30,Bigelow-Hancock,3:00 PM,Northbound,19
Mass. Ave @ Hancock St,Mass. Ave @ Dana St,15,35,28.75,22.5,Hancock-Dana,3:00 PM,Northbound,20
Mass. Ave @ Dana St,Mass. Ave @ Trowbridge St,15,54,39.5,25,Dana-Trowbridge,3:00 PM,Northbound,21
Mass. Ave @ Trowbridge St,Mass. Ave @ Bow St,15,43,36.5,30,Trowbridge-Bow,3:00 PM,Northbound,22
Mass. Ave @ Bow St,Mass. Ave @ Holyoke St,15,44.5,36.25,28,Bow-Holyoke,3:00 PM,Northbound,23
Mass. Ave @ Holyoke St,,15,,,,,3:00 PM,Northbound,24
Dudley Square Station,Washington St opp Ruggles St,16,55,43,31,Dudley-Ruggles,4:00 PM,Northbound,0
Washington St opp Ruggles St,Washington St @ Melnea Cass Blvd,16,64,46.5,29,Ruggles-MelneaCass,4:00 PM,Northbound,1
Washington St @ Melnea Cass Blvd,Melnea Cass Blvd @ Harrison Ave,16,63,41,19,MelneaCass-Harrison,4:00 PM,Northbound,2
Melnea Cass Blvd @ Harrison Ave,Albany St opp Randall St,16,92,67.5,43,Harrison-Randall,4:00 PM,Northbound,3
Albany St opp Randall St,Mass. Ave @ Albany St,16,134,97.5,61,Randall-Albany,4:00 PM,Northbound,4
Mass. Ave @ Albany St,Mass. Ave @ Harrison Ave,16,45,34,23,Albany-Harrison,4:00 PM,Northbound,5
Mass. Ave @ Harrison Ave,Mass. Ave @ Washington St,16,118,86.5,55,Harrison-Washington,4:00 PM,Northbound,6
Mass. Ave @ Washington St,Mass. Ave @ Tremont St,16,95,81.5,68,Washington-Tremont,4:00 PM,Northbound,7
Mass. Ave @ Tremont St,Mass. Ave @ Columbus Ave,16,59,40.5,22,Tremont-Columbus,4:00 PM,Northbound,8
Mass. Ave @ Columbus Ave,Mass. Ave @ Mass. Ave Station,16,80,54.5,29,Columbus-MassAveStation,4:00 PM,Northbound,9
Mass. Ave @ Mass. Ave Station,Mass. Ave @ St Botolph St,16,54,34.5,15,MassAveStation-StBotolph,4:00 PM,Northbound,10
Mass. Ave @ St Botolph St,Mass. Ave @ Clearway St,16,100.5,73.75,47,StBotolph-Clearway,4:00 PM,Northbound,11
Mass. Ave @ Clearway St,Mass. Ave @ Newbury St,16,117,85.5,54,Clearway-Newbury,4:00 PM,Northbound,12
Mass. Ave @ Newbury St,Mass. Ave @ Beacon St,16,113.5,95.25,77,Newbury-Beacon,4:00 PM,Northbound,13
Mass. Ave @ Beacon St,77 Mass. Ave,16,175,143.5,112,Beacon-MassAve,4:00 PM,Northbound,14
77 Mass. Ave,Mass. Ave @ Albany St,16,76,59.5,43,MassAve-Albany,4:00 PM,Northbound,15
Mass. Ave @ Albany St,Mass. Ave @ Sidney St,16,99,86,73,Albany-Sidney,4:00 PM,Northbound,16
Mass. Ave @ Sidney St,Mass. Ave @ Prospect St,16,181.5,125.25,69,Sidney-Prospect,4:00 PM,Northbound,17
Mass. Ave @ Prospect St,Mass. Ave @ Bigelow St,16,77,56.5,36,Prospect-Bigelow,4:00 PM,Northbound,18
Mass. Ave @ Bigelow St,Mass. Ave @ Hancock St,16,47,38.5,30,Bigelow-Hancock,4:00 PM,Northbound,19
Mass. Ave @ Hancock St,Mass. Ave @ Dana St,16,38,30.25,22.5,Hancock-Dana,4:00 PM,Northbound,20
Mass. Ave @ Dana St,Mass. Ave @ Trowbridge St,16,58,41.5,25,Dana-Trowbridge,4:00 PM,Northbound,21
Mass. Ave @ Trowbridge St,Mass. Ave @ Bow St,16,45,37.5,30,Trowbridge-Bow,4:00 PM,Northbound,22
Mass. Ave @ Bow St,Mass. Ave @ Holyoke St,16,47,37.5,28,Bow-Holyoke,4:00 PM,Northbound,23
Mass. Ave @ Holyoke St,,16,,,,,4:00 PM,Northbound,24
Dudley Square Station,Washington St opp Ruggles St,17,55,43,31,Dudley-Ruggles,5:00 PM,Northbound,0
Washington St opp Ruggles St,Washington St @ Melnea Cass Blvd,17,69,49,29,Ruggles-MelneaCass,5:00 PM,Northbound,1
Washington St @ Melnea Cass Blvd,Melnea Cass Blvd @ Harrison Ave,17,65,42,19,MelneaCass-Harrison,5:00 PM,Northbound,2
Melnea Cass Blvd @ Harrison Ave,Albany St opp Randall St,17,98,70.5,43,Harrison-Randall,5:00 PM,Northbound,3
Albany St opp Randall St,Mass. Ave @ Albany St,17,132,96.5,61,Randall-Albany,5:00 PM,Northbound,4
Mass. Ave @ Albany St,Mass. Ave @ Harrison Ave,17,36,29.5,23,Albany-Harrison,5:00 PM,Northbound,5
Mass. Ave @ Harrison Ave,Mass. Ave @ Washington St,17,119,87,55,Harrison-Washington,5:00 PM,Northbound,6
Mass. Ave @ Washington St,Mass. Ave @ Tremont St,17,115,91.5,68,Washington-Tremont,5:00 PM,Northbound,7
Mass. Ave @ Tremont St,Mass. Ave @ Columbus Ave,17,68.5,45.25,22,Tremont-Columbus,5:00 PM,Northbound,8
Mass. Ave @ Columbus Ave,Mass. Ave @ Mass. Ave Station,17,88,58.5,29,Columbus-MassAveStation,5:00 PM,Northbound,9
Mass. Ave @ Mass. Ave Station,Mass. Ave @ St Botolph St,17,62,38.5,15,MassAveStation-StBotolph,5:00 PM,Northbound,10
Mass. Ave @ St Botolph St,Mass. Ave @ Clearway St,17,105,76,47,StBotolph-Clearway,5:00 PM,Northbound,11
Mass. Ave @ Clearway St,Mass. Ave @ Newbury St,17,183,118.5,54,Clearway-Newbury,5:00 PM,Northbound,12
Mass. Ave @ Newbury St,Mass. Ave @ Beacon St,17,130,103.5,77,Newbury-Beacon,5:00 PM,Northbound,13
Mass. Ave @ Beacon St,77 Mass. Ave,17,177,144.5,112,Beacon-MassAve,5:00 PM,Northbound,14
77 Mass. Ave,Mass. Ave @ Albany St,17,83,63,43,MassAve-Albany,5:00 PM,Northbound,15
Mass. Ave @ Albany St,Mass. Ave @ Sidney St,17,99,86,73,Albany-Sidney,5:00 PM,Northbound,16
Mass. Ave @ Sidney St,Mass. Ave @ Prospect St,17,258,163.5,69,Sidney-Prospect,5:00 PM,Northbound,17
Mass. Ave @ Prospect St,Mass. Ave @ Bigelow St,17,82,59,36,Prospect-Bigelow,5:00 PM,Northbound,18
Mass. Ave @ Bigelow St,Mass. Ave @ Hancock St,17,51,40.5,30,Bigelow-Hancock,5:00 PM,Northbound,19
Mass. Ave @ Hancock St,Mass. Ave @ Dana St,17,42,32.25,22.5,Hancock-Dana,5:00 PM,Northbound,20
Mass. Ave @ Dana St,Mass. Ave @ Trowbridge St,17,65,45,25,Dana-Trowbridge,5:00 PM,Northbound,21
Mass. Ave @ Trowbridge St,Mass. Ave @ Bow St,17,47,38.5,30,Trowbridge-Bow,5:00 PM,Northbound,22
Mass. Ave @ Bow St,Mass. Ave @ Holyoke St,17,48,38,28,Bow-Holyoke,5:00 PM,Northbound,23
Mass. Ave @ Holyoke St,,17,,,,,5:00 PM,Northbound,24
Dudley Square Station,Washington St opp Ruggles St,18,44,37.5,31,Dudley-Ruggles,6:00 PM,Northbound,0
Washington St opp Ruggles St,Washington St @ Melnea Cass Blvd,18,48,38.5,29,Ruggles-MelneaCass,6:00 PM,Northbound,1
Washington St @ Melnea Cass Blvd,Melnea Cass Blvd @ Harrison Ave,18,43,31,19,MelneaCass-Harrison,6:00 PM,Northbound,2
Melnea Cass Blvd @ Harrison Ave,Albany St opp Randall St,18,81,62,43,Harrison-Randall,6:00 PM,Northbound,3
Albany St opp Randall St,Mass. Ave @ Albany St,18,93,77,61,Randall-Albany,6:00 PM,Northbound,4
Mass. Ave @ Albany St,Mass. Ave @ Harrison Ave,18,33,28,23,Albany-Harrison,6:00 PM,Northbound,5
Mass. Ave @ Harrison Ave,Mass. Ave @ Washington St,18,108,81.5,55,Harrison-Washington,6:00 PM,Northbound,6
Mass. Ave @ Washington St,Mass. Ave @ Tremont St,18,96,82,68,Washington-Tremont,6:00 PM,Northbound,7
Mass. Ave @ Tremont St,Mass. Ave @ Columbus Ave,18,61,41.5,22,Tremont-Columbus,6:00 PM,Northbound,8
Mass. Ave @ Columbus Ave,Mass. Ave @ Mass. Ave Station,18,61,45,29,Columbus-MassAveStation,6:00 PM,Northbound,9
Mass. Ave @ Mass. Ave Station,Mass. Ave @ St Botolph St,18,58,36.5,15,MassAveStation-StBotolph,6:00 PM,Northbound,10
Mass. Ave @ St Botolph St,Mass. Ave @ Clearway St,18,98,72.5,47,StBotolph-Clearway,6:00 PM,Northbound,11
Mass. Ave @ Clearway St,Mass. Ave @ Newbury St,18,112,83,54,Clearway-Newbury,6:00 PM,Northbound,12
Mass. Ave @ Newbury St,Mass. Ave @ Beacon St,18,122,99.5,77,Newbury-Beacon,6:00 PM,Northbound,13
Mass. Ave @ Beacon St,77 Mass. Ave,18,161.5,136.75,112,Beacon-MassAve,6:00 PM,Northbound,14
77 Mass. Ave,Mass. Ave @ Albany St,18,80,61.5,43,MassAve-Albany,6:00 PM,Northbound,15
Mass. Ave @ Albany St,Mass. Ave @ Sidney St,18,102,87.5,73,Albany-Sidney,6:00 PM,Northbound,16
Mass. Ave @ Sidney St,Mass. Ave @ Prospect St,18,205,137,69,Sidney-Prospect,6:00 PM,Northbound,17
Mass. Ave @ Prospect St,Mass. Ave @ Bigelow St,18,86,61,36,Prospect-Bigelow,6:00 PM,Northbound,18
Mass. Ave @ Bigelow St,Mass. Ave @ Hancock St,18,50,40,30,Bigelow-Hancock,6:00 PM,Northbound,19
Mass. Ave @ Hancock St,Mass. Ave @ Dana St,18,43,32.75,22.5,Hancock-Dana,6:00 PM,Northbound,20
Mass. Ave @ Dana St,Mass. Ave @ Trowbridge St,18,63,44,25,Dana-Trowbridge,6:00 PM,Northbound,21
Mass. Ave @ Trowbridge St,Mass. Ave @ Bow St,18,47,38.5,30,Trowbridge-Bow,6:00 PM,Northbound,22
Mass. Ave @ Bow St,Mass. Ave @ Holyoke St,18,47,37.5,28,Bow-Holyoke,6:00 PM,Northbound,23
Mass. Ave @ Holyoke St,,18,,,,,6:00 PM,Northbound,24
Dudley Square Station,Washington St opp Ruggles St,19,40,35.5,31,Dudley-Ruggles,7:00 PM,Northbound,0
Washington St opp Ruggles St,Washington St @ Melnea Cass Blvd,19,36,32.5,29,Ruggles-MelneaCass,7:00 PM,Northbound,1
Washington St @ Melnea Cass Blvd,Melnea Cass Blvd @ Harrison Ave,19,34,26.5,19,MelneaCass-Harrison,7:00 PM,Northbound,2
Melnea Cass Blvd @ Harrison Ave,Albany St opp Randall St,19,71,57,43,Harrison-Randall,7:00 PM,Northbound,3
Albany St opp Randall St,Mass. Ave @ Albany St,19,74,67.5,61,Randall-Albany,7:00 PM,Northbound,4
Mass. Ave @ Albany St,Mass. Ave @ Harrison Ave,19,28,25.5,23,Albany-Harrison,7:00 PM,Northbound,5
Mass. Ave @ Harrison Ave,Mass. Ave @ Washington St,19,98,76.5,55,Harrison-Washington,7:00 PM,Northbound,6
Mass. Ave @ Washington St,Mass. Ave @ Tremont St,19,92,80,68,Washington-Tremont,7:00 PM,Northbound,7
Mass. Ave @ Tremont St,Mass. Ave @ Columbus Ave,19,55,38.5,22,Tremont-Columbus,7:00 PM,Northbound,8
Mass. Ave @ Columbus Ave,Mass. Ave @ Mass. Ave Station,19,41,35,29,Columbus-MassAveStation,7:00 PM,Northbound,9
Mass. Ave @ Mass. Ave Station,Mass. Ave @ St Botolph St,19,51,33,15,MassAveStation-StBotolph,7:00 PM,Northbound,10
Mass. Ave @ St Botolph St,Mass. Ave @ Clearway St,19,88,67.5,47,StBotolph-Clearway,7:00 PM,Northbound,11
Mass. Ave @ Clearway St,Mass. Ave @ Newbury St,19,112,83,54,Clearway-Newbury,7:00 PM,Northbound,12
Mass. Ave @ Newbury St,Mass. Ave @ Beacon St,19,106.5,91.75,77,Newbury-Beacon,7:00 PM,Northbound,13
Mass. Ave @ Beacon St,77 Mass. Ave,19,145,128.5,112,Beacon-MassAve,7:00 PM,Northbound,14
77 Mass. Ave,Mass. Ave @ Albany St,19,71,57,43,MassAve-Albany,7:00 PM,Northbound,15
Mass. Ave @ Albany St,Mass. Ave @ Sidney St,19,87,80,73,Albany-Sidney,7:00 PM,Northbound,16
Mass. Ave @ Sidney St,Mass. Ave @ Prospect St,19,143,106,69,Sidney-Prospect,7:00 PM,Northbound,17
Mass. Ave @ Prospect St,Mass. Ave @ Bigelow St,19,81,58.5,36,Prospect-Bigelow,7:00 PM,Northbound,18
Mass. Ave @ Bigelow St,Mass. Ave @ Hancock St,19,44,37,30,Bigelow-Hancock,7:00 PM,Northbound,19
Mass. Ave @ Hancock St,Mass. Ave @ Dana St,19,37,29.75,22.5,Hancock-Dana,7:00 PM,Northbound,20
Mass. Ave @ Dana St,Mass. Ave @ Trowbridge St,19,53,39,25,Dana-Trowbridge,7:00 PM,Northbound,21
Mass. Ave @ Trowbridge St,Mass. Ave @ Bow St,19,47,38.5,30,Trowbridge-Bow,7:00 PM,Northbound,22
Mass. Ave @ Bow St,Mass. Ave @ Holyoke St,19,43,35.5,28,Bow-Holyoke,7:00 PM,Northbound,23
Mass. Ave @ Holyoke St,,19,,,,,7:00 PM,Northbound,24
Dudley Square Station,Washington St opp Ruggles St,20,36,33.5,31,Dudley-Ruggles,8:00 PM,Northbound,0
Washington St opp Ruggles St,Washington St @ Melnea Cass Blvd,20,38,33.5,29,Ruggles-MelneaCass,8:00 PM,Northbound,1
Washington St @ Melnea Cass Blvd,Melnea Cass Blvd @ Harrison Ave,20,31,25,19,MelneaCass-Harrison,8:00 PM,Northbound,2
Melnea Cass Blvd @ Harrison Ave,Albany St opp Randall St,20,63,53,43,Harrison-Randall,8:00 PM,Northbound,3
Albany St opp Randall St,Mass. Ave @ Albany St,20,73,67,61,Randall-Albany,8:00 PM,Northbound,4
Mass. Ave @ Albany St,Mass. Ave @ Harrison Ave,20,26,24.5,23,Albany-Harrison,8:00 PM,Northbound,5
Mass. Ave @ Harrison Ave,Mass. Ave @ Washington St,20,91,73,55,Harrison-Washington,8:00 PM,Northbound,6
Mass. Ave @ Washington St,Mass. Ave @ Tremont St,20,85,76.5,68,Washington-Tremont,8:00 PM,Northbound,7
Mass. Ave @ Tremont St,Mass. Ave @ Columbus Ave,20,45,33.5,22,Tremont-Columbus,8:00 PM,Northbound,8
Mass. Ave @ Columbus Ave,Mass. Ave @ Mass. Ave Station,20,34,31.5,29,Columbus-MassAveStation,8:00 PM,Northbound,9
Mass. Ave @ Mass. Ave Station,Mass. Ave @ St Botolph St,20,43,29,15,MassAveStation-StBotolph,8:00 PM,Northbound,10
Mass. Ave @ St Botolph St,Mass. Ave @ Clearway St,20,79,63,47,StBotolph-Clearway,8:00 PM,Northbound,11
Mass. Ave @ Clearway St,Mass. Ave @ Newbury St,20,91,72.5,54,Clearway-Newbury,8:00 PM,Northbound,12
Mass. Ave @ Newbury St,Mass. Ave @ Beacon St,20,100.5,88.75,77,Newbury-Beacon,8:00 PM,Northbound,13
Mass. Ave @ Beacon St,77 Mass. Ave,20,136,124,112,Beacon-MassAve,8:00 PM,Northbound,14
77 Mass. Ave,Mass. Ave @ Albany St,20,59,51,43,MassAve-Albany,8:00 PM,Northbound,15
Mass. Ave @ Albany St,Mass. Ave @ Sidney St,20,85,79,73,Albany-Sidney,8:00 PM,Northbound,16
Mass. Ave @ Sidney St,Mass. Ave @ Prospect St,20,125,97,69,Sidney-Prospect,8:00 PM,Northbound,17
Mass. Ave @ Prospect St,Mass. Ave @ Bigelow St,20,79,57.5,36,Prospect-Bigelow,8:00 PM,Northbound,18
Mass. Ave @ Bigelow St,Mass. Ave @ Hancock St,20,42,36,30,Bigelow-Hancock,8:00 PM,Northbound,19
Mass. Ave @ Hancock St,Mass. Ave @ Dana St,20,33,27.75,22.5,Hancock-Dana,8:00 PM,Northbound,20
Mass. Ave @ Dana St,Mass. Ave @ Trowbridge St,20,48,36.5,25,Dana-Trowbridge,8:00 PM,Northbound,21
Mass. Ave @ Trowbridge St,Mass. Ave @ Bow St,20,44,37,30,Trowbridge-Bow,8:00 PM,Northbound,22
Mass. Ave @ Bow St,Mass. Ave @ Holyoke St,20,37,32.5,28,Bow-Holyoke,8:00 PM,Northbound,23
Mass. Ave @ Holyoke St,,20,,,,,8:00 PM,Northbound,24
Dudley Square Station,Washington St opp Ruggles St,21,35,33,31,Dudley-Ruggles,9:00 PM,Northbound,0
Washington St opp Ruggles St,Washington St @ Melnea Cass Blvd,21,35,32,29,Ruggles-MelneaCass,9:00 PM,Northbound,1
Washington St @ Melnea Cass Blvd,Melnea Cass Blvd @ Harrison Ave,21,27.5,23.25,19,MelneaCass-Harrison,9:00 PM,Northbound,2
Melnea Cass Blvd @ Harrison Ave,Albany St opp Randall St,21,60,51.5,43,Harrison-Randall,9:00 PM,Northbound,3
Albany St opp Randall St,Mass. Ave @ Albany St,21,72,66.5,61,Randall-Albany,9:00 PM,Northbound,4
Mass. Ave @ Albany St,Mass. Ave @ Harrison Ave,21,24,23.5,23,Albany-Harrison,9:00 PM,Northbound,5
Mass. Ave @ Harrison Ave,Mass. Ave @ Washington St,21,87,71,55,Harrison-Washington,9:00 PM,Northbound,6
Mass. Ave @ Washington St,Mass. Ave @ Tremont St,21,75,71.5,68,Washington-Tremont,9:00 PM,Northbound,7
Mass. Ave @ Tremont St,Mass. Ave @ Columbus Ave,21,34,28,22,Tremont-Columbus,9:00 PM,Northbound,8
Mass. Ave @ Columbus Ave,Mass. Ave @ Mass. Ave Station,21,32,30.5,29,Columbus-MassAveStation,9:00 PM,Northbound,9
Mass. Ave @ Mass. Ave Station,Mass. Ave @ St Botolph St,21,44,29.5,15,MassAveStation-StBotolph,9:00 PM,Northbound,10
Mass. Ave @ St Botolph St,Mass. Ave @ Clearway St,21,77,62,47,StBotolph-Clearway,9:00 PM,Northbound,11
Mass. Ave @ Clearway St,Mass. Ave @ Newbury St,21,77,65.5,54,Clearway-Newbury,9:00 PM,Northbound,12
Mass. Ave @ Newbury St,Mass. Ave @ Beacon St,21,93,85,77,Newbury-Beacon,9:00 PM,Northbound,13
Mass. Ave @ Beacon St,77 Mass. Ave,21,129,120.5,112,Beacon-MassAve,9:00 PM,Northbound,14
77 Mass. Ave,Mass. Ave @ Albany St,21,61,52,43,MassAve-Albany,9:00 PM,Northbound,15
Mass. Ave @ Albany St,Mass. Ave @ Sidney St,21,79,76,73,Albany-Sidney,9:00 PM,Northbound,16
Mass. Ave @ Sidney St,Mass. Ave @ Prospect St,21,112,90.5,69,Sidney-Prospect,9:00 PM,Northbound,17
Mass. Ave @ Prospect St,Mass. Ave @ Bigelow St,21,76,56,36,Prospect-Bigelow,9:00 PM,Northbound,18
Mass. Ave @ Bigelow St,Mass. Ave @ Hancock St,21,39,34.5,30,Bigelow-Hancock,9:00 PM,Northbound,19
Mass. Ave @ Hancock St,Mass. Ave @ Dana St,21,31,26.75,22.5,Hancock-Dana,9:00 PM,Northbound,20
Mass. Ave @ Dana St,Mass. Ave @ Trowbridge St,21,42,33.5,25,Dana-Trowbridge,9:00 PM,Northbound,21
Mass. Ave @ Trowbridge St,Mass. Ave @ Bow St,21,39,34.5,30,Trowbridge-Bow,9:00 PM,Northbound,22
Mass. Ave @ Bow St,Mass. Ave @ Holyoke St,21,36,32,28,Bow-Holyoke,9:00 PM,Northbound,23
Mass. Ave @ Holyoke St,,21,,,,,9:00 PM,Northbound,24
Dudley Square Station,Washington St opp Ruggles St,22,35.5,33.25,31,Dudley-Ruggles,10:00 PM,Northbound,0
Washington St opp Ruggles St,Washington St @ Melnea Cass Blvd,22,33,31,29,Ruggles-MelneaCass,10:00 PM,Northbound,1
Washington St @ Melnea Cass Blvd,Melnea Cass Blvd @ Harrison Ave,22,26,22.5,19,MelneaCass-Harrison,10:00 PM,Northbound,2
Melnea Cass Blvd @ Harrison Ave,Albany St opp Randall St,22,51,47,43,Harrison-Randall,10:00 PM,Northbound,3
Albany St opp Randall St,Mass. Ave @ Albany St,22,70,65.5,61,Randall-Albany,10:00 PM,Northbound,4
Mass. Ave @ Albany St,Mass. Ave @ Harrison Ave,22,26,24.5,23,Albany-Harrison,10:00 PM,Northbound,5
Mass. Ave @ Harrison Ave,Mass. Ave @ Washington St,22,85,70,55,Harrison-Washington,10:00 PM,Northbound,6
Mass. Ave @ Washington St,Mass. Ave @ Tremont St,22,75.5,71.75,68,Washington-Tremont,10:00 PM,Northbound,7
Mass. Ave @ Tremont St,Mass. Ave @ Columbus Ave,22,33,27.5,22,Tremont-Columbus,10:00 PM,Northbound,8
Mass. Ave @ Columbus Ave,Mass. Ave @ Mass. Ave Station,22,32,30.5,29,Columbus-MassAveStation,10:00 PM,Northbound,9
Mass. Ave @ Mass. Ave Station,Mass. Ave @ St Botolph St,22,43,29,15,MassAveStation-StBotolph,10:00 PM,Northbound,10
Mass. Ave @ St Botolph St,Mass. Ave @ Clearway St,22,83.5,65.25,47,StBotolph-Clearway,10:00 PM,Northbound,11
Mass. Ave @ Clearway St,Mass. Ave @ Newbury St,22,78,66,54,Clearway-Newbury,10:00 PM,Northbound,12
Mass. Ave @ Newbury St,Mass. Ave @ Beacon St,22,98,87.5,77,Newbury-Beacon,10:00 PM,Northbound,13
Mass. Ave @ Beacon St,77 Mass. Ave,22,129,120.5,112,Beacon-MassAve,10:00 PM,Northbound,14
77 Mass. Ave,Mass. Ave @ Albany St,22,66,54.5,43,MassAve-Albany,10:00 PM,Northbound,15
Mass. Ave @ Albany St,Mass. Ave @ Sidney St,22,77,75,73,Albany-Sidney,10:00 PM,Northbound,16
Mass. Ave @ Sidney St,Mass. Ave @ Prospect St,22,101,85,69,Sidney-Prospect,10:00 PM,Northbound,17
Mass. Ave @ Prospect St,Mass. Ave @ Bigelow St,22,74,55,36,Prospect-Bigelow,10:00 PM,Northbound,18
Mass. Ave @ Bigelow St,Mass. Ave @ Hancock St,22,38,34,30,Bigelow-Hancock,10:00 PM,Northbound,19
Mass. Ave @ Hancock St,Mass. Ave @ Dana St,22,30,26.25,22.5,Hancock-Dana,10:00 PM,Northbound,20
Mass. Ave @ Dana St,Mass. Ave @ Trowbridge St,22,42,33.5,25,Dana-Trowbridge,10:00 PM,Northbound,21
Mass. Ave @ Trowbridge St,Mass. Ave @ Bow St,22,38,34,30,Trowbridge-Bow,10:00 PM,Northbound,22
Mass. Ave @ Bow St,Mass. Ave @ Holyoke St,22,35,31.5,28,Bow-Holyoke,10:00 PM,Northbound,23
Mass. Ave @ Holyoke St,,22,,,,,10:00 PM,Northbound,24
Dudley Square Station,Washington St opp Ruggles St,23,36,33.5,31,Dudley-Ruggles,11:00 PM,Northbound,0
Washington St opp Ruggles St,Washington St @ Melnea Cass Blvd,23,31,30,29,Ruggles-MelneaCass,11:00 PM,Northbound,1
Washington St @ Melnea Cass Blvd,Melnea Cass Blvd @ Harrison Ave,23,23,21,19,MelneaCass-Harrison,11:00 PM,Northbound,2
Melnea Cass Blvd @ Harrison Ave,Albany St opp Randall St,23,50,46.5,43,Harrison-Randall,11:00 PM,Northbound,3
Albany St opp Randall St,Mass. Ave @ Albany St,23,75.5,68.25,61,Randall-Albany,11:00 PM,Northbound,4
Mass. Ave @ Albany St,Mass. Ave @ Harrison Ave,23,24.5,23.75,23,Albany-Harrison,11:00 PM,Northbound,5
Mass. Ave @ Harrison Ave,Mass. Ave @ Washington St,23,78,66.5,55,Harrison-Washington,11:00 PM,Northbound,6
Mass. Ave @ Washington St,Mass. Ave @ Tremont St,23,69,68.5,68,Washington-Tremont,11:00 PM,Northbound,7
Mass. Ave @ Tremont St,Mass. Ave @ Columbus Ave,23,43,32.5,22,Tremont-Columbus,11:00 PM,Northbound,8
Mass. Ave @ Columbus Ave,Mass. Ave @ Mass. Ave Station,23,34,31.5,29,Columbus-MassAveStation,11:00 PM,Northbound,9
Mass. Ave @ Mass. Ave Station,Mass. Ave @ St Botolph St,23,28,21.5,15,MassAveStation-StBotolph,11:00 PM,Northbound,10
Mass. Ave @ St Botolph St,Mass. Ave @ Clearway St,23,77,62,47,StBotolph-Clearway,11:00 PM,Northbound,11
Mass. Ave @ Clearway St,Mass. Ave @ Newbury St,23,61,57.5,54,Clearway-Newbury,11:00 PM,Northbound,12
Mass. Ave @ Newbury St,Mass. Ave @ Beacon St,23,86,81.5,77,Newbury-Beacon,11:00 PM,Northbound,13
Mass. Ave @ Beacon St,77 Mass. Ave,23,125,118.5,112,Beacon-MassAve,11:00 PM,Northbound,14
77 Mass. Ave,Mass. Ave @ Albany St,23,52.5,47.75,43,MassAve-Albany,11:00 PM,Northbound,15
Mass. Ave @ Albany St,Mass. Ave @ Sidney St,23,81,77,73,Albany-Sidney,11:00 PM,Northbound,16
Mass. Ave @ Sidney St,Mass. Ave @ Prospect St,23,99,84,69,Sidney-Prospect,11:00 PM,Northbound,17
Mass. Ave @ Prospect St,Mass. Ave @ Bigelow St,23,72,54,36,Prospect-Bigelow,11:00 PM,Northbound,18
Mass. Ave @ Bigelow St,Mass. Ave @ Hancock St,23,37,33.5,30,Bigelow-Hancock,11:00 PM,Northbound,19
Mass. Ave @ Hancock St,Mass. Ave @ Dana St,23,29,25.75,22.5,Hancock-Dana,11:00 PM,Northbound,20
Mass. Ave @ Dana St,Mass. Ave @ Trowbridge St,23,35,30,25,Dana-Trowbridge,11:00 PM,Northbound,21
Mass. Ave @ Trowbridge St,Mass. Ave @ Bow St,23,34,32,30,Trowbridge-Bow,11:00 PM,Northbound,22
Mass. Ave @ Bow St,Mass. Ave @ Holyoke St,23,34,31,28,Bow-Holyoke,11:00 PM,Northbound,23
Mass. Ave @ Holyoke St,,23,,,,,11:00 PM,Northbound,24
